{
	"BUILD_DIR" : "/home/padniuk/Desktop/helicopter/coordinatePlane/transformations_autogen",
	"CMAKE_BINARY_DIR" : "/home/padniuk/Desktop/helicopter/coordinatePlane",
	"CMAKE_CURRENT_BINARY_DIR" : "/home/padniuk/Desktop/helicopter/coordinatePlane",
	"CMAKE_CURRENT_SOURCE_DIR" : "/home/padniuk/Desktop/helicopter/coordinatePlane",
	"CMAKE_EXECUTABLE" : "/usr/bin/cmake",
	"CMAKE_LIST_FILES" : 
	[
		"/home/padniuk/Desktop/helicopter/coordinatePlane/CMakeLists.txt",
		"/home/padniuk/Desktop/helicopter/coordinatePlane/CMakeFiles/3.25.1/CMakeSystem.cmake",
		"/usr/share/cmake/Modules/CMakeSystemSpecificInitialize.cmake",
		"/home/padniuk/Desktop/helicopter/coordinatePlane/CMakeFiles/3.25.1/CMakeCXXCompiler.cmake",
		"/usr/share/cmake/Modules/CMakeSystemSpecificInformation.cmake",
		"/usr/share/cmake/Modules/CMakeGenericSystem.cmake",
		"/usr/share/cmake/Modules/CMakeInitializeConfigs.cmake",
		"/usr/share/cmake/Modules/Platform/Linux.cmake",
		"/usr/share/cmake/Modules/Platform/UnixPaths.cmake",
		"/usr/share/cmake/Modules/CMakeCXXInformation.cmake",
		"/usr/share/cmake/Modules/CMakeLanguageInformation.cmake",
		"/usr/share/cmake/Modules/Compiler/GNU-CXX.cmake",
		"/usr/share/cmake/Modules/Compiler/GNU.cmake",
		"/usr/share/cmake/Modules/Compiler/CMakeCommonCompilerMacros.cmake",
		"/usr/share/cmake/Modules/Platform/Linux-GNU-CXX.cmake",
		"/usr/share/cmake/Modules/Platform/Linux-GNU.cmake",
		"/usr/share/cmake/Modules/CMakeCommonLanguageInclude.cmake",
		"/usr/lib/cmake/Qt5/Qt5ConfigVersion.cmake",
		"/usr/lib/cmake/Qt5/Qt5Config.cmake",
		"/usr/lib/cmake/Qt5/Qt5ConfigVersion.cmake",
		"/usr/lib/cmake/Qt5/Qt5Config.cmake",
		"/usr/lib/cmake/Qt5/Qt5ModuleLocation.cmake",
		"/usr/lib/cmake/Qt5Widgets/Qt5WidgetsConfigVersion.cmake",
		"/usr/lib/cmake/Qt5Widgets/Qt5WidgetsConfig.cmake",
		"/usr/lib/cmake/Qt5Gui/Qt5GuiConfigVersion.cmake",
		"/usr/lib/cmake/Qt5Gui/Qt5GuiConfig.cmake",
		"/usr/lib/cmake/Qt5Core/Qt5CoreConfigVersion.cmake",
		"/usr/lib/cmake/Qt5Core/Qt5CoreConfig.cmake",
		"/usr/lib/cmake/Qt5Core/Qt5CoreConfigExtras.cmake",
		"/usr/lib/cmake/Qt5Core/Qt5CoreConfigExtrasMkspecDir.cmake",
		"/usr/lib/cmake/Qt5Core/Qt5CoreMacros.cmake",
		"/usr/share/cmake/Modules/CMakeParseArguments.cmake",
		"/usr/lib/cmake/Qt5Gui/Qt5Gui_QComposePlatformInputContextPlugin.cmake",
		"/usr/lib/cmake/Qt5Gui/Qt5Gui_QEglFSEmulatorIntegrationPlugin.cmake",
		"/usr/lib/cmake/Qt5Gui/Qt5Gui_QEglFSIntegrationPlugin.cmake",
		"/usr/lib/cmake/Qt5Gui/Qt5Gui_QEglFSKmsEglDeviceIntegrationPlugin.cmake",
		"/usr/lib/cmake/Qt5Gui/Qt5Gui_QEglFSKmsGbmIntegrationPlugin.cmake",
		"/usr/lib/cmake/Qt5Gui/Qt5Gui_QEglFSX11IntegrationPlugin.cmake",
		"/usr/lib/cmake/Qt5Gui/Qt5Gui_QEvdevKeyboardPlugin.cmake",
		"/usr/lib/cmake/Qt5Gui/Qt5Gui_QEvdevMousePlugin.cmake",
		"/usr/lib/cmake/Qt5Gui/Qt5Gui_QEvdevTabletPlugin.cmake",
		"/usr/lib/cmake/Qt5Gui/Qt5Gui_QEvdevTouchScreenPlugin.cmake",
		"/usr/lib/cmake/Qt5Gui/Qt5Gui_QGifPlugin.cmake",
		"/usr/lib/cmake/Qt5Gui/Qt5Gui_QGtk3ThemePlugin.cmake",
		"/usr/lib/cmake/Qt5Gui/Qt5Gui_QICNSPlugin.cmake",
		"/usr/lib/cmake/Qt5Gui/Qt5Gui_QICOPlugin.cmake",
		"/usr/lib/cmake/Qt5Gui/Qt5Gui_QIbusPlatformInputContextPlugin.cmake",
		"/usr/lib/cmake/Qt5Gui/Qt5Gui_QJp2Plugin.cmake",
		"/usr/lib/cmake/Qt5Gui/Qt5Gui_QJpegPlugin.cmake",
		"/usr/lib/cmake/Qt5Gui/Qt5Gui_QLibInputPlugin.cmake",
		"/usr/lib/cmake/Qt5Gui/Qt5Gui_QLinuxFbIntegrationPlugin.cmake",
		"/usr/lib/cmake/Qt5Gui/Qt5Gui_QMinimalEglIntegrationPlugin.cmake",
		"/usr/lib/cmake/Qt5Gui/Qt5Gui_QMinimalIntegrationPlugin.cmake",
		"/usr/lib/cmake/Qt5Gui/Qt5Gui_QMngPlugin.cmake",
		"/usr/lib/cmake/Qt5Gui/Qt5Gui_QOffscreenIntegrationPlugin.cmake",
		"/usr/lib/cmake/Qt5Gui/Qt5Gui_QPdfPlugin.cmake",
		"/usr/lib/cmake/Qt5Gui/Qt5Gui_QSvgIconPlugin.cmake",
		"/usr/lib/cmake/Qt5Gui/Qt5Gui_QSvgPlugin.cmake",
		"/usr/lib/cmake/Qt5Gui/Qt5Gui_QTgaPlugin.cmake",
		"/usr/lib/cmake/Qt5Gui/Qt5Gui_QTiffPlugin.cmake",
		"/usr/lib/cmake/Qt5Gui/Qt5Gui_QTsLibPlugin.cmake",
		"/usr/lib/cmake/Qt5Gui/Qt5Gui_QTuioTouchPlugin.cmake",
		"/usr/lib/cmake/Qt5Gui/Qt5Gui_QVncIntegrationPlugin.cmake",
		"/usr/lib/cmake/Qt5Gui/Qt5Gui_QWaylandEglPlatformIntegrationPlugin.cmake",
		"/usr/lib/cmake/Qt5Gui/Qt5Gui_QWaylandIntegrationPlugin.cmake",
		"/usr/lib/cmake/Qt5Gui/Qt5Gui_QWaylandXCompositeEglPlatformIntegrationPlugin.cmake",
		"/usr/lib/cmake/Qt5Gui/Qt5Gui_QWaylandXCompositeGlxPlatformIntegrationPlugin.cmake",
		"/usr/lib/cmake/Qt5Gui/Qt5Gui_QWbmpPlugin.cmake",
		"/usr/lib/cmake/Qt5Gui/Qt5Gui_QWebpPlugin.cmake",
		"/usr/lib/cmake/Qt5Gui/Qt5Gui_QXcbEglIntegrationPlugin.cmake",
		"/usr/lib/cmake/Qt5Gui/Qt5Gui_QXcbGlxIntegrationPlugin.cmake",
		"/usr/lib/cmake/Qt5Gui/Qt5Gui_QXcbIntegrationPlugin.cmake",
		"/usr/lib/cmake/Qt5Gui/Qt5Gui_QXdgDesktopPortalThemePlugin.cmake",
		"/usr/lib/cmake/Qt5Gui/Qt5GuiConfigExtras.cmake",
		"/usr/lib/cmake/Qt5Widgets/Qt5WidgetsConfigExtras.cmake",
		"/usr/lib/cmake/Qt5Widgets/Qt5WidgetsMacros.cmake",
		"/usr/share/cmake/Modules/CMakeParseArguments.cmake"
	],
	"CMAKE_SOURCE_DIR" : "/home/padniuk/Desktop/helicopter/coordinatePlane",
	"DEP_FILE" : "",
	"DEP_FILE_RULE_NAME" : "",
	"HEADERS" : 
	[
		[
			"/home/padniuk/Desktop/helicopter/coordinatePlane/mainwindow.h",
			"MU",
			"EWIEGA46WW/moc_mainwindow.cpp",
			null
		]
	],
	"HEADER_EXTENSIONS" : [ "h", "hh", "h++", "hm", "hpp", "hxx", "in", "txx" ],
	"INCLUDE_DIR" : "/home/padniuk/Desktop/helicopter/coordinatePlane/transformations_autogen/include",
	"MOC_COMPILATION_FILE" : "/home/padniuk/Desktop/helicopter/coordinatePlane/transformations_autogen/mocs_compilation.cpp",
	"MOC_DEFINITIONS" : [ "QT_CORE_LIB", "QT_GUI_LIB", "QT_NO_DEBUG", "QT_WIDGETS_LIB" ],
	"MOC_DEPEND_FILTERS" : 
	[
		[
			"Q_PLUGIN_METADATA",
			"[\n][ \t]*Q_PLUGIN_METADATA[ \t]*\\([^\\)]*FILE[ \t]*\"([^\"]+)\""
		]
	],
	"MOC_INCLUDES" : 
	[
		"/home/padniuk/Desktop/helicopter/coordinatePlane",
		"/usr/include/qt",
		"/usr/include/qt/QtWidgets",
		"/usr/include/qt/QtGui",
		"/usr/include/qt/QtCore",
		"/usr/lib/qt/mkspecs/linux-g++",
		"/usr/include/c++/12.2.0",
		"/usr/include/c++/12.2.0/x86_64-pc-linux-gnu",
		"/usr/include/c++/12.2.0/backward",
		"/usr/lib/gcc/x86_64-pc-linux-gnu/12.2.0/include",
		"/usr/local/include",
		"/usr/lib/gcc/x86_64-pc-linux-gnu/12.2.0/include-fixed",
		"/usr/include"
	],
	"MOC_MACRO_NAMES" : [ "Q_OBJECT", "Q_GADGET", "Q_NAMESPACE", "Q_NAMESPACE_EXPORT" ],
	"MOC_OPTIONS" : [],
	"MOC_PATH_PREFIX" : false,
	"MOC_PREDEFS_CMD" : 
	[
		"/usr/bin/c++",
		"-dM",
		"-E",
		"-c",
		"/usr/share/cmake/Modules/CMakeCXXCompilerABI.cpp"
	],
	"MOC_PREDEFS_FILE" : "/home/padniuk/Desktop/helicopter/coordinatePlane/transformations_autogen/moc_predefs.h",
	"MOC_RELAXED_MODE" : false,
	"MOC_SKIP" : [],
	"MULTI_CONFIG" : false,
	"PARALLEL" : 8,
	"PARSE_CACHE_FILE" : "/home/padniuk/Desktop/helicopter/coordinatePlane/CMakeFiles/transformations_autogen.dir/ParseCache.txt",
	"QT_MOC_EXECUTABLE" : "/usr/bin/moc",
	"QT_UIC_EXECUTABLE" : "/usr/bin/uic",
	"QT_VERSION_MAJOR" : 5,
	"QT_VERSION_MINOR" : 15,
	"SETTINGS_FILE" : "/home/padniuk/Desktop/helicopter/coordinatePlane/CMakeFiles/transformations_autogen.dir/AutogenUsed.txt",
	"SOURCES" : 
	[
		[
			"/home/padniuk/Desktop/helicopter/coordinatePlane/main.cpp",
			"MU",
			null
		],
		[
			"/home/padniuk/Desktop/helicopter/coordinatePlane/mainwindow.cpp",
			"MU",
			null
		]
	],
	"UIC_OPTIONS" : [],
	"UIC_SEARCH_PATHS" : [],
	"UIC_SKIP" : [],
	"UIC_UI_FILES" : [],
	"VERBOSITY" : 0
}
